{
  "project_info": {
    "project_number": "408849923984",
    "project_id": "bulsupedia",
    "storage_bucket": "bulsupedia.appspot.com"
  },
  "client": [
    {
      "client_info": {
        "mobilesdk_app_id": "1:408849923984:android:ba3aab8c150c25c6ec7d15",
        "android_client_info": {
          "package_name": "com.example.bulsupedia"
        }
      },
      "oauth_client": [
        {
          "client_id": "408849923984-v0msiutb6l3jhefvmhb5ess3padeachv.apps.googleusercontent.com",
          "client_type": 1,
          "android_info": {
            "package_name": "com.example.bulsupedia",
            "certificate_hash": "29f6cb327bc5c88f5ccb1be8cf6d6deb94dde079"
          }
        },
        {
          "client_id": "408849923984-t7u0ch02p31pla9tl9abebf61okeiq03.apps.googleusercontent.com",
          "client_type": 3
        }
      ],
      "api_key": [
        {
          "current_key": "AIzaSyAphXjeZgv2U9WzSCpxWGzhdX_lQiVH-0I"
        }
      ],
      "services": {
        "appinvite_service": {
          "other_platform_oauth_client": [
            {
              "client_id": "408849923984-t7u0ch02p31pla9tl9abebf61okeiq03.apps.googleusercontent.com",
              "client_type": 3
            }
          ]
        }
      }
    }
  ],
  "configuration_version": "1"
}